{"cameraMode":{"drawMode":0,"name":"Shaded","section":"Shading Mode"},"sceneLighting":true,"audioPlay":false,"sceneViewState":{"showFog":true,"showMaterialUpdate":true,"showSkybox":true,"showFlares":true,"showImageEffects":true,"showParticleSystems":true},"in2DMode":false,"pivot":{"x":1808.18994140625,"y":422.1710205078125,"z":35.2021484375},"rotation":{"x":-0.2669174373149872,"y":-0.24058853089809419,"z":0.06900224089622498,"w":-0.930651068687439},"size":2082.947021484375,"orthographic":false}